name,alphabet_sort
Omar Rodriguez Lopez,R
Defotnes,D
J.A.R.,J
Robby Moncrieff,M
Mark Guiliana,G
Anekdoten,A
La Dispute,D
Chicago Transit Authority,C
Bosnian Rainbows,B
Mara Jade,M
Hail The Sun,H
At The Drive-In,A
Carlos Santana & Mahavishnu John McLaughlin,S
The Mahavishnu Orchestra,M
Thundercat,T
Arthur Verocai,V
Miguel Atwood Ferguson,F
Death Grips,D
These Arms Are Snakes,T
Allan Holdsworth,H
Void Of Sleep,V
Touché Amoré,T
mewithoutYou,M
Now Vs Now,N
Deantoni Parks,P
Antemasque,A
The Claypool Lennon Delirium,C
Anywhere,A
The Fall of Troy,F
Mouse on the Keys,M
Chassol,C
Louis Cole,C
A Lot Like Birds,L
Wigwam,W
Yes,Y
King Crimson,K
The Mars Volta,M
King Gizzard and the Lizard Wizard,K
Ploy,P
Ravelin 7,R
Gentle Giant,G
Not on label,
Cypress Hill,C
Inventa Storca,I
Royal Coda,R
Suff Daddy,S
The Beatles,B
Gong,G